{"SteamID":76561199058082137,"UnixDays":1008,"PassedTime":4400.96631,"Profit":-530.0,"CompanyValue":25177200.0,"DemandSatisfaction":[{"ProductName":"Mineralwasser","Settlement":"Irmgardshausen","Shop":"Lokal","Demand":7,"Sales":1},{"ProductName":"Orangenlimo","Settlement":"Irmgardshausen","Shop":"Lokal","Demand":4,"Sales":2}],"MachineUptime":0.84492753623188388,"LoansList":[{"LoanAmount":2E+07,"LoanInterest":0.0}],"AveragePollution":0.02045007236301899,"BuildingCount":67,"UnlockedResearchCount":52,"RegionCount":2,"Balance":-2616991.8743286133}