{"SteamID":76561199058082137,"UnixDays":1014,"PassedTime":4448.95752,"Profit":-3570.0,"CompanyValue":25177200.0,"DemandSatisfaction":[{"ProductName":"Mineralwasser","Settlement":"Irmgardshausen","Shop":"Lokal","Demand":7,"Sales":1},{"ProductName":"Orangenlimo","Settlement":"Irmgardshausen","Shop":"Lokal","Demand":4,"Sales":2}],"MachineUptime":0.84492753623188388,"LoansList":[{"LoanAmount":2E+07,"LoanInterest":0.0}],"AveragePollution":0.021340183913707733,"BuildingCount":67,"UnlockedResearchCount":52,"RegionCount":2,"Balance":-2636971.8743286133}