{"SteamID":76561199058082137,"UnixDays":1040,"PassedTime":4659.002,"Profit":-3990.0,"CompanyValue":25177200.0,"DemandSatisfaction":[{"ProductName":"Mineralwasser","Settlement":"Irmgardshausen","Shop":"Lokal","Demand":7,"Sales":1},{"ProductName":"Orangenlimo","Settlement":"Irmgardshausen","Shop":"Lokal","Demand":4,"Sales":2}],"MachineUptime":0.82753623188405789,"LoansList":[{"LoanAmount":2E+07,"LoanInterest":0.0}],"AveragePollution":0.023630538955330849,"BuildingCount":67,"UnlockedResearchCount":52,"RegionCount":2,"Balance":-2936501.8675537109}