{"SteamID":76561199058082137,"UnixDays":1049,"PassedTime":4731.009,"Profit":29485.44140625,"CompanyValue":25177200.0,"DemandSatisfaction":[{"ProductName":"Mineralwasser","Settlement":"Irmgardshausen","Shop":"Lokal","Demand":7,"Sales":2},{"ProductName":"Orangenlimo","Settlement":"Irmgardshausen","Shop":"Lokal","Demand":4,"Sales":2}],"MachineUptime":0.82753623188405789,"LoansList":[{"LoanAmount":2E+07,"LoanInterest":0.0}],"AveragePollution":0.024740219116210938,"BuildingCount":67,"UnlockedResearchCount":52,"RegionCount":2,"Balance":-2915316.4261474609}