{"SteamID":76561199058082137,"UnixDays":1050,"PassedTime":4739.00439,"Profit":-769321.06195068359,"CompanyValue":25477200.0,"DemandSatisfaction":[{"ProductName":"Mineralwasser","Settlement":"Irmgardshausen","Shop":"Lokal","Demand":7,"Sales":1},{"ProductName":"Orangenlimo","Settlement":"Irmgardshausen","Shop":"Lokal","Demand":4,"Sales":2}],"MachineUptime":0.8623188405797102,"LoansList":[{"LoanAmount":2E+07,"LoanInterest":0.0}],"AveragePollution":0.02490445040166378,"BuildingCount":70,"UnlockedResearchCount":52,"RegionCount":2,"Balance":-3684637.4880981445}