{"SteamID":76561199058082137,"UnixDays":1054,"PassedTime":4771.0127,"Profit":-5010.0,"CompanyValue":25477200.0,"DemandSatisfaction":[{"ProductName":"Mineralwasser","Settlement":"Irmgardshausen","Shop":"Lokal","Demand":7,"Sales":1},{"ProductName":"Orangenlimo","Settlement":"Irmgardshausen","Shop":"Lokal","Demand":4,"Sales":2}],"MachineUptime":0.8623188405797102,"LoansList":[{"LoanAmount":2E+07,"LoanInterest":0.0}],"AveragePollution":0.025648880749940872,"BuildingCount":70,"UnlockedResearchCount":52,"RegionCount":2,"Balance":-3693547.4880981445}