{"SteamID":76561199058082137,"UnixDays":1055,"PassedTime":4779.0,"Profit":-4060.0,"CompanyValue":25477200.0,"DemandSatisfaction":[{"ProductName":"Mineralwasser","Settlement":"Irmgardshausen","Shop":"Lokal","Demand":7,"Sales":1},{"ProductName":"Orangenlimo","Settlement":"Irmgardshausen","Shop":"Lokal","Demand":4,"Sales":2}],"MachineUptime":0.8623188405797102,"LoansList":[{"LoanAmount":2E+07,"LoanInterest":0.0}],"AveragePollution":0.02576516754925251,"BuildingCount":70,"UnlockedResearchCount":52,"RegionCount":2,"Balance":-3697607.4880981445}