{"SteamID":76561199058082137,"UnixDays":1056,"PassedTime":4787.009,"Profit":-2680.0,"CompanyValue":25477200.0,"DemandSatisfaction":[{"ProductName":"Mineralwasser","Settlement":"Irmgardshausen","Shop":"Lokal","Demand":7,"Sales":1},{"ProductName":"Orangenlimo","Settlement":"Irmgardshausen","Shop":"Lokal","Demand":4,"Sales":2}],"MachineUptime":0.8623188405797102,"LoansList":[{"LoanAmount":2E+07,"LoanInterest":0.0}],"AveragePollution":0.025777922943234444,"BuildingCount":70,"UnlockedResearchCount":52,"RegionCount":2,"Balance":-3700287.4880981445}