{"SteamID":76561199058082137,"UnixDays":1064,"PassedTime":4850.996,"Profit":29416.869140625,"CompanyValue":25477200.0,"DemandSatisfaction":[{"ProductName":"Mineralwasser","Settlement":"Irmgardshausen","Shop":"Lokal","Demand":7,"Sales":2},{"ProductName":"Orangenlimo","Settlement":"Irmgardshausen","Shop":"Lokal","Demand":4,"Sales":2}],"MachineUptime":0.8623188405797102,"LoansList":[{"LoanAmount":2E+07,"LoanInterest":0.0}],"AveragePollution":0.026350542902946472,"BuildingCount":70,"UnlockedResearchCount":52,"RegionCount":2,"Balance":-3680480.6189575195}