{"SteamID":76561199058082137,"UnixDays":1079,"PassedTime":4971.01025,"Profit":215949.263671875,"CompanyValue":25477200.0,"DemandSatisfaction":[{"ProductName":"Mineralwasser","Settlement":"Irmgardshausen","Shop":"Lokal","Demand":7,"Sales":3},{"ProductName":"Orangenlimo","Settlement":"Irmgardshausen","Shop":"Lokal","Demand":4,"Sales":2}],"MachineUptime":0.8623188405797102,"LoansList":[{"LoanAmount":2E+07,"LoanInterest":0.0}],"AveragePollution":0.027962159365415573,"BuildingCount":70,"UnlockedResearchCount":52,"RegionCount":2,"Balance":-3505441.3552856445}