{"SteamID":76561199058082137,"UnixDays":1080,"PassedTime":4979.007,"Profit":-483027.93762207031,"CompanyValue":25477200.0,"DemandSatisfaction":[{"ProductName":"Mineralwasser","Settlement":"Irmgardshausen","Shop":"Lokal","Demand":7,"Sales":2},{"ProductName":"Orangenlimo","Settlement":"Irmgardshausen","Shop":"Lokal","Demand":4,"Sales":2}],"MachineUptime":0.898550724637681,"LoansList":[{"LoanAmount":2E+07,"LoanInterest":0.0}],"AveragePollution":0.02806815505027771,"BuildingCount":70,"UnlockedResearchCount":52,"RegionCount":2,"Balance":-3988469.2929077148}