{"SteamID":76561199058082137,"UnixDays":1082,"PassedTime":4995.0083,"Profit":-5570.0,"CompanyValue":25477200.0,"DemandSatisfaction":[{"ProductName":"Mineralwasser","Settlement":"Irmgardshausen","Shop":"Lokal","Demand":7,"Sales":2},{"ProductName":"Orangenlimo","Settlement":"Irmgardshausen","Shop":"Lokal","Demand":4,"Sales":2}],"MachineUptime":0.898550724637681,"LoansList":[{"LoanAmount":2E+07,"LoanInterest":0.0}],"AveragePollution":0.027875946834683418,"BuildingCount":70,"UnlockedResearchCount":52,"RegionCount":2,"Balance":-3998939.2929077148}