{"SteamID":76561199058082137,"UnixDays":1084,"PassedTime":5011.01758,"Profit":-8070.0,"CompanyValue":25477200.0,"DemandSatisfaction":[{"ProductName":"Mineralwasser","Settlement":"Irmgardshausen","Shop":"Lokal","Demand":7,"Sales":2},{"ProductName":"Orangenlimo","Settlement":"Irmgardshausen","Shop":"Lokal","Demand":4,"Sales":2}],"MachineUptime":0.898550724637681,"LoansList":[{"LoanAmount":2E+07,"LoanInterest":0.0}],"AveragePollution":0.023634174838662148,"BuildingCount":70,"UnlockedResearchCount":52,"RegionCount":2,"Balance":-4010599.2929077148}