{"SteamID":76561199058082137,"UnixDays":1085,"PassedTime":5019.009,"Profit":-6600.0,"CompanyValue":25477200.0,"DemandSatisfaction":[{"ProductName":"Mineralwasser","Settlement":"Irmgardshausen","Shop":"Lokal","Demand":7,"Sales":2},{"ProductName":"Orangenlimo","Settlement":"Irmgardshausen","Shop":"Lokal","Demand":4,"Sales":2}],"MachineUptime":0.898550724637681,"LoansList":[{"LoanAmount":2E+07,"LoanInterest":0.0}],"AveragePollution":0.021215146407485008,"BuildingCount":70,"UnlockedResearchCount":52,"RegionCount":2,"Balance":-4017199.2929077148}