{"SteamID":76561199058082137,"UnixDays":1113,"PassedTime":5243.00439,"Profit":-1750.0,"CompanyValue":25602200.0,"DemandSatisfaction":[{"ProductName":"Dosenfisch","Settlement":"Magdalenenhütte","Shop":"Lebensmittelgeschäft","Demand":2,"Sales":2},{"ProductName":"Zucker","Settlement":"Irmgardshausen","Shop":"Bauernmarkt","Demand":10,"Sales":20},{"ProductName":"Mineralwasser","Settlement":"Irmgardshausen","Shop":"Lokal","Demand":7,"Sales":1}],"MachineUptime":0.95652173913043481,"LoansList":[{"LoanAmount":2E+07,"LoanInterest":0.0}],"AveragePollution":0.018674040213227272,"BuildingCount":71,"UnlockedResearchCount":52,"RegionCount":2,"Balance":-4033902.7370910645}