{"SteamID":76561199058082137,"UnixDays":1119,"PassedTime":5290.99951,"Profit":-3880.0,"CompanyValue":26052200.0,"DemandSatisfaction":[{"ProductName":"Dosenfisch","Settlement":"Magdalenenhütte","Shop":"Lebensmittelgeschäft","Demand":2,"Sales":2},{"ProductName":"Zucker","Settlement":"Irmgardshausen","Shop":"Bauernmarkt","Demand":10,"Sales":20},{"ProductName":"Mineralwasser","Settlement":"Irmgardshausen","Shop":"Lokal","Demand":7,"Sales":1}],"MachineUptime":0.91666666666666663,"LoansList":[{"LoanAmount":2E+07,"LoanInterest":0.0}],"AveragePollution":0.018874999135732651,"BuildingCount":75,"UnlockedResearchCount":52,"RegionCount":2,"Balance":-4500682.7370910645}