{"SteamID":76561199058082137,"UnixDays":1123,"PassedTime":5323.016,"Profit":-4260.0,"CompanyValue":26052200.0,"DemandSatisfaction":[{"ProductName":"Dosenfisch","Settlement":"Magdalenenhütte","Shop":"Lebensmittelgeschäft","Demand":2,"Sales":2},{"ProductName":"Zucker","Settlement":"Irmgardshausen","Shop":"Bauernmarkt","Demand":10,"Sales":20},{"ProductName":"Mineralwasser","Settlement":"Irmgardshausen","Shop":"Lokal","Demand":7,"Sales":1}],"MachineUptime":0.91666666666666663,"LoansList":[{"LoanAmount":2E+07,"LoanInterest":0.0}],"AveragePollution":0.019168086349964142,"BuildingCount":75,"UnlockedResearchCount":52,"RegionCount":2,"Balance":-4508842.7370910645}