{"SteamID":76561199058082137,"UnixDays":1128,"PassedTime":5362.994,"Profit":-5530.0,"CompanyValue":26602200.0,"DemandSatisfaction":[{"ProductName":"Zucker","Settlement":"Irmgardshausen","Shop":"Bauernmarkt","Demand":10,"Sales":20},{"ProductName":"Mineralwasser","Settlement":"Irmgardshausen","Shop":"Lokal","Demand":7,"Sales":1},{"ProductName":"Orangenlimo","Settlement":"Irmgardshausen","Shop":"Lokal","Demand":4,"Sales":2}],"MachineUptime":0.88,"LoansList":[{"LoanAmount":2E+07,"LoanInterest":0.0}],"AveragePollution":0.019534694030880928,"BuildingCount":76,"UnlockedResearchCount":52,"RegionCount":2,"Balance":-4759306.6589660645}