{"SteamID":76561199058082137,"UnixDays":1147,"PassedTime":5516.80957,"Profit":-2270.0,"CompanyValue":27252200.0,"DemandSatisfaction":[{"ProductName":"Dosenfisch","Settlement":"Magdalenenhütte","Shop":"Lebensmittelgeschäft","Demand":2,"Sales":2},{"ProductName":"Zucker","Settlement":"Irmgardshausen","Shop":"Bauernmarkt","Demand":10,"Sales":20},{"ProductName":"Mineralwasser","Settlement":"Irmgardshausen","Shop":"Lokal","Demand":7,"Sales":1},{"ProductName":"Orangenlimo","Settlement":"Irmgardshausen","Shop":"Lokal","Demand":4,"Sales":2}],"MachineUptime":0.823076923076923,"LoansList":[{"LoanAmount":2E+07,"LoanInterest":0.0}],"AveragePollution":0.020754745230078697,"BuildingCount":77,"UnlockedResearchCount":52,"RegionCount":2,"Balance":-5421224.0692443848}