{"SteamID":76561199058082137,"UnixDays":1162,"PassedTime":5636.80566,"Profit":-1190.0,"CompanyValue":27252200.0,"DemandSatisfaction":[{"ProductName":"Dosenfisch","Settlement":"Magdalenenhütte","Shop":"Lebensmittelgeschäft","Demand":2,"Sales":2},{"ProductName":"Zucker","Settlement":"Irmgardshausen","Shop":"Bauernmarkt","Demand":10,"Sales":18},{"ProductName":"Mineralwasser","Settlement":"Irmgardshausen","Shop":"Lokal","Demand":7,"Sales":2}],"MachineUptime":0.823076923076923,"LoansList":[{"LoanAmount":2E+07,"LoanInterest":0.0}],"AveragePollution":0.011040981858968735,"BuildingCount":77,"UnlockedResearchCount":52,"RegionCount":2,"Balance":-5318138.39541626}