{"SteamID":76561199058082137,"UnixDays":1172,"PassedTime":5716.80762,"Profit":-1130.0,"CompanyValue":27252200.0,"DemandSatisfaction":[{"ProductName":"Zucker","Settlement":"Irmgardshausen","Shop":"Bauernmarkt","Demand":10,"Sales":9},{"ProductName":"Mineralwasser","Settlement":"Irmgardshausen","Shop":"Lokal","Demand":7,"Sales":1},{"ProductName":"Orangenlimo","Settlement":"Irmgardshausen","Shop":"Lokal","Demand":4,"Sales":2}],"MachineUptime":0.85128205128205126,"LoansList":[{"LoanAmount":2E+07,"LoanInterest":0.0}],"AveragePollution":0.011229800991714,"BuildingCount":77,"UnlockedResearchCount":52,"RegionCount":2,"Balance":-5651338.7796936035}