{"SteamID":76561199058082137,"UnixDays":1175,"PassedTime":5740.80957,"Profit":-3020.0,"CompanyValue":27252200.0,"DemandSatisfaction":[{"ProductName":"Zucker","Settlement":"Irmgardshausen","Shop":"Bauernmarkt","Demand":10,"Sales":9},{"ProductName":"Mineralwasser","Settlement":"Irmgardshausen","Shop":"Lokal","Demand":7,"Sales":1},{"ProductName":"Orangenlimo","Settlement":"Irmgardshausen","Shop":"Lokal","Demand":4,"Sales":2}],"MachineUptime":0.85128205128205126,"LoansList":[{"LoanAmount":2E+07,"LoanInterest":0.0}],"AveragePollution":0.011496822349727154,"BuildingCount":77,"UnlockedResearchCount":52,"RegionCount":2,"Balance":-5661098.7796936035}