{"SteamID":76561199058082137,"UnixDays":1178,"PassedTime":5764.813,"Profit":0.0,"CompanyValue":27252200.0,"DemandSatisfaction":[{"ProductName":"Zucker","Settlement":"Irmgardshausen","Shop":"Bauernmarkt","Demand":10,"Sales":9},{"ProductName":"Mineralwasser","Settlement":"Irmgardshausen","Shop":"Lokal","Demand":7,"Sales":1},{"ProductName":"Orangenlimo","Settlement":"Irmgardshausen","Shop":"Lokal","Demand":4,"Sales":2}],"MachineUptime":0.85128205128205126,"LoansList":[{"LoanAmount":2E+07,"LoanInterest":0.0}],"AveragePollution":0.011128797195851803,"BuildingCount":77,"UnlockedResearchCount":52,"RegionCount":2,"Balance":-5664968.7796936035}