{"SteamID":76561199058082137,"UnixDays":1182,"PassedTime":5796.81055,"Profit":-3480.0,"CompanyValue":27252200.0,"DemandSatisfaction":[{"ProductName":"Zucker","Settlement":"Irmgardshausen","Shop":"Bauernmarkt","Demand":10,"Sales":9},{"ProductName":"Mineralwasser","Settlement":"Irmgardshausen","Shop":"Lokal","Demand":7,"Sales":1},{"ProductName":"Orangenlimo","Settlement":"Irmgardshausen","Shop":"Lokal","Demand":4,"Sales":2}],"MachineUptime":0.85128205128205126,"LoansList":[{"LoanAmount":2E+07,"LoanInterest":0.0}],"AveragePollution":0.011112404987215996,"BuildingCount":77,"UnlockedResearchCount":52,"RegionCount":2,"Balance":-5674978.7796936035}