{"SteamID":76561199058082137,"UnixDays":1188,"PassedTime":5844.809,"Profit":-652500.0,"CompanyValue":27902200.0,"DemandSatisfaction":[{"ProductName":"Dosenfisch","Settlement":"Magdalenenhütte","Shop":"Lebensmittelgeschäft","Demand":2,"Sales":2},{"ProductName":"Zucker","Settlement":"Irmgardshausen","Shop":"Bauernmarkt","Demand":10,"Sales":5},{"ProductName":"Orangenlimo","Settlement":"Irmgardshausen","Shop":"Lokal","Demand":4,"Sales":2}],"MachineUptime":0.81975308641975309,"LoansList":[{"LoanAmount":2E+07,"LoanInterest":0.0}],"AveragePollution":0.011143834330141544,"BuildingCount":78,"UnlockedResearchCount":52,"RegionCount":2,"Balance":-5902942.8148498535}