{"SteamID":76561199058082137,"UnixDays":1197,"PassedTime":5916.81445,"Profit":-101020.0,"CompanyValue":28152200.0,"DemandSatisfaction":[{"ProductName":"Dosenfisch","Settlement":"Magdalenenhütte","Shop":"Lebensmittelgeschäft","Demand":2,"Sales":2},{"ProductName":"Zucker","Settlement":"Irmgardshausen","Shop":"Bauernmarkt","Demand":10,"Sales":5},{"ProductName":"Orangenlimo","Settlement":"Irmgardshausen","Shop":"Lokal","Demand":4,"Sales":2}],"MachineUptime":0.79047619047619044,"LoansList":[{"LoanAmount":2E+07,"LoanInterest":0.0}],"AveragePollution":0.011356009170413017,"BuildingCount":80,"UnlockedResearchCount":52,"RegionCount":2,"Balance":-6178622.8148498535}