{"SteamID":76561199058082137,"UnixDays":1198,"PassedTime":5924.80566,"Profit":-200000.0,"CompanyValue":28352200.0,"DemandSatisfaction":[{"ProductName":"Dosenfisch","Settlement":"Magdalenenhütte","Shop":"Lebensmittelgeschäft","Demand":2,"Sales":2},{"ProductName":"Zucker","Settlement":"Irmgardshausen","Shop":"Bauernmarkt","Demand":10,"Sales":5},{"ProductName":"Orangenlimo","Settlement":"Irmgardshausen","Shop":"Lokal","Demand":4,"Sales":2}],"MachineUptime":0.79047619047619044,"LoansList":[{"LoanAmount":2E+07,"LoanInterest":0.0}],"AveragePollution":0.011275711469352245,"BuildingCount":82,"UnlockedResearchCount":52,"RegionCount":2,"Balance":-6378622.8148498535}