{"SteamID":76561199058082137,"UnixDays":1206,"PassedTime":1491.557,"Profit":-2020.0,"CompanyValue":28352200.0,"DemandSatisfaction":[{"ProductName":"Dosenfisch","Settlement":"Magdalenenhütte","Shop":"Lebensmittelgeschäft","Demand":2,"Sales":2},{"ProductName":"Zucker","Settlement":"Irmgardshausen","Shop":"Bauernmarkt","Demand":10,"Sales":5},{"ProductName":"Mineralwasser","Settlement":"Irmgardshausen","Shop":"Lokal","Demand":7,"Sales":1}],"MachineUptime":0.78928571428571437,"LoansList":[{"LoanAmount":2E+07,"LoanInterest":0.0}],"AveragePollution":0.0113410959020257,"BuildingCount":82,"UnlockedResearchCount":52,"RegionCount":2,"Balance":-6918840.6620788574}