{"SteamID":76561199058082137,"UnixDays":1211,"PassedTime":1531.54907,"Profit":-450000.0,"CompanyValue":28952200.0,"DemandSatisfaction":[{"ProductName":"Dosenfisch","Settlement":"Magdalenenhütte","Shop":"Lebensmittelgeschäft","Demand":2,"Sales":2},{"ProductName":"Zucker","Settlement":"Irmgardshausen","Shop":"Bauernmarkt","Demand":10,"Sales":5},{"ProductName":"Mineralwasser","Settlement":"Irmgardshausen","Shop":"Lokal","Demand":7,"Sales":1}],"MachineUptime":0.78928571428571437,"LoansList":[{"LoanAmount":2E+07,"LoanInterest":0.0}],"AveragePollution":0.011527449823915958,"BuildingCount":84,"UnlockedResearchCount":52,"RegionCount":2,"Balance":-7525310.6620788574}