{"SteamID":76561199058082137,"UnixDays":1216,"PassedTime":1571.545,"Profit":0.0,"CompanyValue":28952200.0,"DemandSatisfaction":[{"ProductName":"Zucker","Settlement":"Irmgardshausen","Shop":"Bauernmarkt","Demand":10,"Sales":6},{"ProductName":"Mineralwasser","Settlement":"Irmgardshausen","Shop":"Lokal","Demand":7,"Sales":1},{"ProductName":"Orangenlimo","Settlement":"Irmgardshausen","Shop":"Lokal","Demand":4,"Sales":2}],"MachineUptime":0.78928571428571437,"LoansList":[{"LoanAmount":2E+07,"LoanInterest":0.0}],"AveragePollution":0.011826330795884132,"BuildingCount":84,"UnlockedResearchCount":52,"RegionCount":2,"Balance":-7288701.5370788574}