{"SteamID":76561199058082137,"UnixDays":1219,"PassedTime":1595.55164,"Profit":-4730.0,"CompanyValue":28952200.0,"DemandSatisfaction":[{"ProductName":"Zucker","Settlement":"Irmgardshausen","Shop":"Bauernmarkt","Demand":10,"Sales":6},{"ProductName":"Mineralwasser","Settlement":"Irmgardshausen","Shop":"Lokal","Demand":7,"Sales":1},{"ProductName":"Orangenlimo","Settlement":"Irmgardshausen","Shop":"Lokal","Demand":4,"Sales":2}],"MachineUptime":0.78928571428571437,"LoansList":[{"LoanAmount":2E+07,"LoanInterest":0.0}],"AveragePollution":0.011771422810852528,"BuildingCount":84,"UnlockedResearchCount":52,"RegionCount":2,"Balance":-7299461.5370788574}