{"SteamID":76561199058082137,"UnixDays":1228,"PassedTime":1667.573,"Profit":-660.0,"CompanyValue":28952200.0,"DemandSatisfaction":[{"ProductName":"Zucker","Settlement":"Irmgardshausen","Shop":"Bauernmarkt","Demand":10,"Sales":6},{"ProductName":"Mineralwasser","Settlement":"Irmgardshausen","Shop":"Lokal","Demand":7,"Sales":1},{"ProductName":"Orangenlimo","Settlement":"Irmgardshausen","Shop":"Lokal","Demand":4,"Sales":2}],"MachineUptime":0.78928571428571437,"LoansList":[{"LoanAmount":2E+07,"LoanInterest":0.0}],"AveragePollution":0.012044791132211685,"BuildingCount":84,"UnlockedResearchCount":53,"RegionCount":2,"Balance":-7310431.5370788574}