{"SteamID":76561199058082137,"UnixDays":1259,"PassedTime":1915.592,"Profit":281670.0,"CompanyValue":29402200.0,"DemandSatisfaction":[{"ProductName":"Dosenfisch","Settlement":"Magdalenenhütte","Shop":"Lebensmittelgeschäft","Demand":2,"Sales":2},{"ProductName":"Zucker","Settlement":"Irmgardshausen","Shop":"Bauernmarkt","Demand":10,"Sales":5},{"ProductName":"Mineralwasser","Settlement":"Irmgardshausen","Shop":"Lokal","Demand":7,"Sales":1},{"ProductName":"Orangenlimo","Settlement":"Irmgardshausen","Shop":"Lokal","Demand":4,"Sales":4}],"MachineUptime":0.91954022988505746,"LoansList":[{"LoanAmount":2E+07,"LoanInterest":0.0}],"AveragePollution":0.012982230633497238,"BuildingCount":88,"UnlockedResearchCount":53,"RegionCount":2,"Balance":-7535408.1791687012}