{"SteamID":76561199058082137,"UnixDays":1263,"PassedTime":1947.59875,"Profit":-4390.0,"CompanyValue":29402200.0,"DemandSatisfaction":[{"ProductName":"Zucker","Settlement":"Irmgardshausen","Shop":"Bauernmarkt","Demand":10,"Sales":5},{"ProductName":"Orangenlimo","Settlement":"Irmgardshausen","Shop":"Lokal","Demand":4,"Sales":4}],"MachineUptime":0.903448275862069,"LoansList":[{"LoanAmount":2E+07,"LoanInterest":0.0}],"AveragePollution":0.012251419946551323,"BuildingCount":88,"UnlockedResearchCount":53,"RegionCount":2,"Balance":-8110564.6651306152}