{"SteamID":76561199058082137,"UnixDays":1265,"PassedTime":1963.59167,"Profit":-2820.0,"CompanyValue":29402200.0,"DemandSatisfaction":[{"ProductName":"Zucker","Settlement":"Irmgardshausen","Shop":"Bauernmarkt","Demand":10,"Sales":5},{"ProductName":"Orangenlimo","Settlement":"Irmgardshausen","Shop":"Lokal","Demand":4,"Sales":4}],"MachineUptime":0.903448275862069,"LoansList":[{"LoanAmount":2E+07,"LoanInterest":0.0}],"AveragePollution":0.012306759133934975,"BuildingCount":88,"UnlockedResearchCount":53,"RegionCount":2,"Balance":-8118114.6651306152}