{"SteamID":76561199058082137,"UnixDays":1268,"PassedTime":1987.5885,"Profit":0.0,"CompanyValue":29402200.0,"DemandSatisfaction":[{"ProductName":"Zucker","Settlement":"Irmgardshausen","Shop":"Bauernmarkt","Demand":10,"Sales":5},{"ProductName":"Orangenlimo","Settlement":"Irmgardshausen","Shop":"Lokal","Demand":4,"Sales":4}],"MachineUptime":0.903448275862069,"LoansList":[{"LoanAmount":2E+07,"LoanInterest":0.0}],"AveragePollution":0.0123414546251297,"BuildingCount":88,"UnlockedResearchCount":53,"RegionCount":2,"Balance":-8118944.6651306152}