{"SteamID":76561199058082137,"UnixDays":1283,"PassedTime":2109.54785,"Profit":-150.0,"CompanyValue":29402200.0,"DemandSatisfaction":[{"ProductName":"Dosenfisch","Settlement":"Magdalenenhütte","Shop":"Lebensmittelgeschäft","Demand":2,"Sales":2},{"ProductName":"Zucker","Settlement":"Irmgardshausen","Shop":"Bauernmarkt","Demand":10,"Sales":5},{"ProductName":"Orangenlimo","Settlement":"Irmgardshausen","Shop":"Lokal","Demand":4,"Sales":3}],"MachineUptime":0.903448275862069,"LoansList":[{"LoanAmount":2E+07,"LoanInterest":0.0}],"AveragePollution":0.012766789644956589,"BuildingCount":88,"UnlockedResearchCount":53,"RegionCount":2,"Balance":-7712310.5401306152}