{"SteamID":76561199058082137,"UnixDays":1295,"PassedTime":2205.54541,"Profit":-1410.0,"CompanyValue":29402200.0,"DemandSatisfaction":[{"ProductName":"Dosenfisch","Settlement":"Magdalenenhütte","Shop":"Lebensmittelgeschäft","Demand":2,"Sales":4},{"ProductName":"Zucker","Settlement":"Irmgardshausen","Shop":"Bauernmarkt","Demand":10,"Sales":5},{"ProductName":"Mineralwasser","Settlement":"Irmgardshausen","Shop":"Lokal","Demand":7,"Sales":1},{"ProductName":"Orangenlimo","Settlement":"Irmgardshausen","Shop":"Lokal","Demand":4,"Sales":1}],"MachineUptime":0.98390804597701143,"LoansList":[{"LoanAmount":2E+07,"LoanInterest":0.0}],"AveragePollution":0.013467219658195972,"BuildingCount":88,"UnlockedResearchCount":53,"RegionCount":2,"Balance":-7811232.8299865723}