{"SteamID":76561199058082137,"UnixDays":1343,"PassedTime":2589.58276,"Profit":-550000.0,"CompanyValue":29952200.0,"DemandSatisfaction":[{"ProductName":"Dosenfisch","Settlement":"Magdalenenhütte","Shop":"Lebensmittelgeschäft","Demand":2,"Sales":4},{"ProductName":"Zucker","Settlement":"Irmgardshausen","Shop":"Bauernmarkt","Demand":10,"Sales":5},{"ProductName":"Mineralwasser","Settlement":"Irmgardshausen","Shop":"Lokal","Demand":7,"Sales":1},{"ProductName":"Orangenlimo","Settlement":"Irmgardshausen","Shop":"Lokal","Demand":4,"Sales":1}],"MachineUptime":0.91555555555555557,"LoansList":[{"LoanAmount":2E+07,"LoanInterest":0.0}],"AveragePollution":0.013839003629982471,"BuildingCount":92,"UnlockedResearchCount":53,"RegionCount":2,"Balance":-7737499.9956359863}