{"SteamID":76561199058082137,"UnixDays":1412,"PassedTime":3141.65234,"Profit":-1700.0,"CompanyValue":29952200.0,"DemandSatisfaction":[{"ProductName":"Dosenfisch","Settlement":"Magdalenenhütte","Shop":"Lebensmittelgeschäft","Demand":2,"Sales":2},{"ProductName":"Zucker","Settlement":"Irmgardshausen","Shop":"Bauernmarkt","Demand":10,"Sales":3},{"ProductName":"Orangenlimo","Settlement":"Irmgardshausen","Shop":"Lokal","Demand":4,"Sales":2}],"MachineUptime":0.951111111111111,"LoansList":[{"LoanAmount":2E+07,"LoanInterest":0.0}],"AveragePollution":0.014521808363497257,"BuildingCount":92,"UnlockedResearchCount":53,"RegionCount":2,"Balance":-7907678.899810791}