{"SteamID":76561199058082137,"UnixDays":1426,"PassedTime":3253.64478,"Profit":0.0,"CompanyValue":29952200.0,"DemandSatisfaction":[{"ProductName":"Dosenfisch","Settlement":"Magdalenenhütte","Shop":"Lebensmittelgeschäft","Demand":2,"Sales":4},{"ProductName":"Zucker","Settlement":"Irmgardshausen","Shop":"Bauernmarkt","Demand":10,"Sales":2},{"ProductName":"Orangenlimo","Settlement":"Irmgardshausen","Shop":"Lokal","Demand":4,"Sales":1}],"MachineUptime":0.951111111111111,"LoansList":[{"LoanAmount":2E+07,"LoanInterest":0.0}],"AveragePollution":0.014570245519280434,"BuildingCount":92,"UnlockedResearchCount":53,"RegionCount":2,"Balance":-7440478.899810791}