{"SteamID":76561199058082137,"UnixDays":1445,"PassedTime":3405.648,"Profit":0.0,"CompanyValue":29952200.0,"DemandSatisfaction":[{"ProductName":"Dosenfisch","Settlement":"Magdalenenhütte","Shop":"Lebensmittelgeschäft","Demand":2,"Sales":2},{"ProductName":"Zucker","Settlement":"Irmgardshausen","Shop":"Bauernmarkt","Demand":10,"Sales":2},{"ProductName":"Mineralwasser","Settlement":"Irmgardshausen","Shop":"Lokal","Demand":7,"Sales":1},{"ProductName":"Orangenlimo","Settlement":"Irmgardshausen","Shop":"Lokal","Demand":4,"Sales":3}],"MachineUptime":0.91555555555555557,"LoansList":[{"LoanAmount":2E+07,"LoanInterest":0.0}],"AveragePollution":0.014663176611065865,"BuildingCount":94,"UnlockedResearchCount":53,"RegionCount":2,"Balance":-8442947.2633361816}